,code,capacity_per_k,longitude,latitude
6982,01101,5.492821889965985,141.32077,43.04557
6983,01101,5.214704325917073,141.313889,43.041489
6984,01101,3.9631752876969757,141.351166,43.048534
6985,01101,3.615528332635838,141.377945,43.067467
6986,01101,3.476469550611383,141.303162,43.040977
6987,01101,1.9468229483423745,141.336975,43.037724
6988,01101,1.6687053842934634,141.342178,43.051327
6989,01101,1.6687053842934634,141.335144,43.032005
6990,01101,1.4253525157506666,141.343338,43.03101
6991,01101,1.3558231247384391,141.33905,43.02663
6992,01101,1.0429408651834147,141.321472,43.041077
6993,01102,3.423470182898627,141.348312,43.08131
6994,01102,2.674586080389552,141.352936,43.157307
6995,01102,2.674586080389552,141.352936,43.157307
6996,01102,2.487365054762283,141.338821,43.111572
6997,01102,1.6582433698415224,141.356125,43.164845
6998,01102,1.2303095969791937,141.277618,43.125233
6999,01102,0.8023758241168656,141.374695,43.156506
7000,01102,0.561663076881806,141.34343,43.090126
7001,01103,2.6625885492232744,141.378464,43.104038
7002,01103,2.2692516044516546,141.394867,43.104309
7003,01103,2.2692516044516546,141.386017,43.089886
7004,01103,1.2707808984929265,141.393738,43.083225
7005,01103,1.2102675223742156,141.409821,43.103996
7006,01103,1.2102675223742156,141.397385,43.070854
7007,01103,1.1497541462555048,141.392654,43.094219
7008,01103,0.6959038253651739,141.386307,43.095684
7009,01104,3.785831570776348,141.382156,43.049339
7010,01104,3.785831570776348,141.382156,43.049339
7011,01104,3.710114939360821,141.397614,43.067101
7012,01104,2.7257987309589704,141.429581,43.039066
7013,01104,2.7257987309589704,141.427399,43.03791
7014,01104,2.650082099543444,141.422226,43.042065
7015,01104,2.5365071524201532,141.402344,43.044968
7016,01104,2.120065679634755,141.436325,43.044247
7017,01104,2.044349048219228,141.40834,43.058468
7018,01104,0.5678747356164522,141.409866,43.052036
7019,01105,5.549452314145894,141.404968,43.014557
7020,01105,3.849932542938714,141.422913,43.027454
7021,01105,3.468407696341184,141.418686,43.024864
7022,01105,3.0868828497436533,141.395035,43.032829
7023,01105,2.5319376183290645,141.387054,43.033585
7024,01105,1.734203848170592,141.381989,42.996777
7025,01105,1.734203848170592,141.38974,43.018314
7026,01105,1.4220471554998855,141.396957,43.014015
7027,01105,0.7977337701584724,141.391953,43.032722
7028,01106,8.204314213513928,141.350494,42.992722
7029,01106,7.827585499628085,141.279144,42.960854
7030,01106,6.236953152110079,141.332031,42.968304
7031,01106,4.185874598731597,141.339615,42.959301
7032,01106,2.8463947271374854,141.351318,42.983639
7033,01106,2.17665479134043,141.335098,43.002113
7034,01106,1.5487736015306908,141.34938,42.980751
7035,01107,12.361716037119109,141.312836,43.078579
7036,01107,3.667761901123252,141.259903,43.062157
7037,01107,2.682899909154971,141.272186,43.098137
7038,01107,2.682899909154971,141.272186,43.098137
7039,01107,2.037645500624029,141.272278,43.066425
7040,01107,2.037645500624029,141.294281,43.074291
7041,01107,1.290508817061885,141.257553,43.071659
7042,01107,1.0188227503120144,141.304916,43.097408
7043,01107,0.916940475280813,141.27916,43.07774
7044,01108,4.180229749456168,141.460892,43.035213
7045,01108,3.3240381140253867,141.457642,43.023621
7046,01108,3.3240381140253867,141.457642,43.023621
7047,01108,3.1729454724787773,141.489182,43.048717
7048,01108,2.5685749062923433,141.48291,43.048512
7049,01108,2.5182106924434744,141.458618,43.055832
7050,01108,2.4174822647457357,141.49025,43.051403
7051,01108,1.6116548431638236,141.477524,43.025108
7052,01109,4.679163339391602,141.262222,43.106838
7053,01109,4.679163339391602,141.223343,43.138405
7054,01109,2.807498003634961,141.234543,43.144981
7055,01109,2.807498003634961,141.240723,43.117863
7056,01109,2.386373303089717,141.221863,43.125076
7057,01110,3.787191881169533,141.46106,42.989204
7058,01110,3.534712422424897,141.454926,43.002171
7059,01110,3.534712422424897,141.454926,43.002171
7060,01110,2.2091952640155608,141.432693,43.00795
7061,01110,2.1460753993294017,141.461884,42.97316
7062,01110,2.082955534643243,141.438004,42.983673
7063,01110,1.6411164818401307,141.452713,43.016708
7064,01202,2.125831651361306,140.737747,41.788624
7065,01202,1.9929671731512246,140.730515,41.825996
7066,01202,1.771526376134422,140.753036,41.861607
7067,01202,1.3286447821008163,140.731598,41.77914
7068,01202,1.1957803038907349,140.753296,41.811642
7069,01202,1.062915825680653,140.783005,41.778534
7070,01202,1.0186276662772924,140.733154,41.787708
7071,01202,0.9300513474705716,140.703171,41.764832
7072,01202,0.6421783113487279,140.734146,41.791996
7073,01202,0.6421783113487279,140.742722,41.823109
7074,01202,0.6421783113487279,140.754166,41.787079
7075,01202,0.6421783113487279,140.730576,41.833382
7076,01202,0.6421783113487279,140.717865,41.811069
7077,01202,0.6421783113487279,140.734344,41.792042
7078,01202,0.6421783113487279,140.72438,41.765026
7079,01202,0.6421783113487279,140.766998,41.792019
7080,01202,0.6421783113487279,140.79158,41.796478
7081,01202,0.6421783113487279,140.752243,41.818436
7082,01202,0.6421783113487279,140.734253,41.770802
7083,01202,0.6421783113487279,140.743637,41.835342
7084,01202,0.6421783113487279,140.734146,41.791996
7085,01202,0.6421783113487279,140.763412,41.781136
7086,01202,0.5314579128403265,140.74321,41.806381
7087,01202,0.39859343463024494,141.140244,41.832462
7088,01203,4.34916494753841,140.99826,43.194885
7089,01203,4.050692843295578,141.025894,43.177246
7090,01203,3.752220739052747,140.942703,43.215656
7091,01203,2.942082170393631,140.999603,43.194111
7092,01203,2.942082170393631,140.999603,43.194111
7093,01203,2.558332322081418,141.053635,43.176037
7094,01203,1.7908326254569926,140.973953,43.205936
7095,01204,1.4030657231587518,142.363327,43.772358
7096,01204,1.4030657231587518,142.387604,43.783501
7097,01204,1.0522992923690637,142.44545,43.76469
7098,01204,1.0522992923690637,142.32959,43.786514
7099,01204,0.9295310415926732,142.375443,43.764668
7100,01204,0.8944543985137043,142.408661,43.79356
7101,01204,0.87691607697422,142.448471,43.802784
7102,01204,0.87691607697422,142.327179,43.773312
7103,01204,0.87691607697422,142.3311,43.755116
7104,01204,0.8243011123557669,142.407196,43.754379
7105,01204,0.789224469276798,142.382767,43.762234
7106,01204,0.6839945400398916,142.321045,43.782398
7107,01204,0.6313795754214384,142.37825,43.757187
7108,01204,0.6313795754214384,142.423538,43.763371
7109,01204,0.6138412538819539,142.352798,43.766212
7110,01204,0.5261496461845319,142.373428,43.80983
7111,01204,0.4910730031055632,142.386917,43.800167
7112,01204,0.4910730031055632,142.419113,43.746525
7113,01204,0.4910730031055632,142.433105,43.809811
7114,01204,0.47353468156607875,142.43544,43.813305
7115,01204,0.4559963600265944,142.366898,43.805283
7116,01204,0.4209197169476256,142.410919,43.770794
7117,01204,0.4209197169476256,142.431747,43.816776
7118,01205,6.278174091005147,140.969742,42.31572
7119,01205,4.3947218637036025,141.001053,42.355293
7120,01205,3.327432268232728,141.012314,42.351406
7121,01205,3.1390870455025737,140.987335,42.315929
7122,01205,3.1390870455025737,141.013519,42.382259
7123,01205,1.8206704863914924,140.942261,42.379696
7124,01205,1.2556348182010293,140.988098,42.316872
7125,01206,2.6767819042690704,144.385117,42.9837
7126,01206,2.1414255234152564,144.415405,42.977566
7127,01206,1.9986638218542396,144.401459,43.011803
7128,01206,1.820211694902968,144.271545,43.009712
7129,01206,1.820211694902968,144.318924,43.012264
7130,01206,1.7845212695127137,144.425308,42.975628
7131,01206,1.7845212695127137,144.389481,43.02737
7132,01206,1.7845212695127137,144.379272,42.968925
7133,01206,1.7845212695127137,144.426743,42.964172
7134,01206,1.5346882917809341,144.271912,43.009712
7135,01206,1.427617015610171,144.379623,42.997177
7136,01206,1.1777840378783913,144.35257,43.028236
7137,01207,6.0943329610373045,143.193344,42.924896
7138,01207,4.062888640691536,143.221741,42.927628
7139,01207,2.437733184414922,143.195786,42.920338
7140,01207,2.0720732067526835,143.1763,42.904102
7141,01207,2.031444320345768,143.193527,42.937187
7142,01207,2.031444320345768,143.196747,42.90155
7143,01207,1.9501865475319375,143.210159,42.91901
7144,01207,1.8282998883111914,143.200455,42.925343
7145,01207,1.7064132290904455,143.211472,42.921394
7146,01207,0.8125777281383072,143.213257,42.917187
7147,01208,3.0460141559446545,143.888153,43.786789
7148,01208,3.0460141559446545,143.816635,43.801491
7149,01208,2.5891120325529564,143.861115,43.800983
7150,01208,1.67530778576956,143.858215,43.800293
7151,01208,1.1168718571797067,143.8806,43.807903
7152,01210,6.760389095546472,141.738007,43.211048
7153,01210,5.4083112764371775,141.751373,43.203495
7154,01210,4.056233457327884,141.76123,43.199936
7155,01210,3.380194547773236,141.761002,43.203045
7156,01210,3.380194547773236,141.776108,43.203083
7157,01210,2.2985322924858007,141.761002,43.203045
7158,01210,1.960512837708477,141.661133,43.145584
7159,01210,1.8929089467530125,141.756195,43.206676
7160,01210,1.8253050557975476,141.756729,43.196045
7161,01210,1.6224933829311534,141.766678,43.211178
7162,01210,1.6224933829311534,141.7659,43.2103
7163,01211,11.346581698179845,144.247299,44.05978
7164,01211,9.005223569984004,144.266373,43.990681
7165,01211,5.403134141990402,144.274185,43.992798
7166,01211,3.6020894279936018,144.280014,43.99297
7167,01212,4.68274530626325,141.6828,43.920734
7168,01212,3.1218302041755,141.64624,43.932781
7169,01213,4.208772985266686,141.488892,42.613659
7170,01213,4.208772985266686,141.559998,42.637337
7171,01213,3.74580795688735,141.488922,42.613411
7172,01213,3.74580795688735,141.598343,42.639725
7173,01213,2.9882288195393465,141.464844,42.61034
7174,01213,1.346807355285339,141.569672,42.630215
7175,01213,1.2205441657273386,141.559738,42.639008
7176,01214,6.639735163096795,141.67659,45.417011
7177,01215,10.91260357697685,141.884125,43.327606
7178,01216,15.29923623152885,142.182831,43.517056
7179,01217,6.658050779066845,141.559479,43.112144
7180,01217,2.2193502596889485,141.499725,43.087791
7181,01217,2.163866503196725,141.552628,43.106365
7182,01217,1.6090289382744878,141.533798,43.082417
7183,01217,1.5535451817822636,141.521606,43.101246
7184,01217,0.8322563473833556,141.499725,43.087791
7185,01218,19.856974186330696,142.07962,43.546722
7186,01220,7.562698552348244,142.397644,44.167015
7187,01220,7.562698552348244,142.395554,44.166691
7188,01220,6.050158841878595,142.400726,44.177551
7189,01221,6.274960548890273,142.461685,44.345936
7190,01222,14.012726358078407,141.87532,43.247688
7191,01223,9.402704396883674,145.572815,43.328293
7192,01224,4.52708609938294,141.6315,42.821999
7193,01225,7.915736979849502,141.903549,43.552895
7194,01225,7.633032087712019,141.906265,43.549706
7195,01225,7.350327195574536,141.906097,43.557663
7196,01225,5.512745396680902,141.905701,43.559101
7197,01225,5.512745396680902,141.905701,43.559101
7198,01225,2.8270489213748218,141.94429,43.629272
7199,01226,18.686371445355793,141.910431,43.513348
7200,01226,17.81044778385474,141.906784,43.493752
7201,01226,13.722804030183163,141.899979,43.477825
7202,01227,35.199617028166735,141.993805,43.507851
7203,01228,10.700758426954271,142.035172,43.718166
7204,01228,6.420455056172561,142.071075,43.695251
7205,01228,6.206439887633477,142.047852,43.720451
7206,01229,9.405241279708479,142.386749,43.343372
7207,01229,6.792674257567234,142.366852,43.335934
7208,01229,4.702620639854239,142.386597,43.340618
7209,01230,5.8963955674073105,141.106598,42.417915
7210,01230,5.669611122507029,141.072449,42.388157
7211,01230,3.401766673504218,141.092682,42.399117
7212,01231,10.264568219398168,141.583282,42.906731
7213,01231,7.493134800160661,141.575272,42.897346
7214,01231,7.493134800160661,141.585571,42.882683
7215,01233,7.622314906183785,140.879822,42.465797
7216,01233,7.622314906183785,140.879715,42.460186
7217,01233,5.4880667324523245,140.855392,42.469471
7218,01234,5.345343393412142,141.508209,42.948185
7219,01234,5.345343393412142,141.507675,42.943848
7220,01234,5.345343393412142,141.487808,43.022263
7221,01234,2.672671696706071,141.566513,42.977421
7222,01235,5.542818159425195,141.303055,43.165379
7223,01236,15.279964085972411,140.709854,41.811577
7224,01236,10.084776296741794,140.705063,41.815712
7225,01236,7.6399820429862055,140.604446,41.863613
7226,01236,7.6399820429862055,140.61116,41.832554
7227,01236,6.417584916108413,140.64592,41.87476
7228,01236,3.0559928171944826,140.645096,41.820496
7229,01236,0.6111985634388966,140.663635,41.827385
7230,01303,44.76700564243339,141.443085,43.18956
7231,01337,10.324607732016133,140.702728,41.895123
7232,01337,10.11811557737581,140.694031,41.888832
7233,01345,18.52259348908612,140.566711,42.096722
7234,01346,10.618603206964632,140.257507,42.255505
7235,01346,10.618603206964632,140.257507,42.255505
7236,01361,13.039203669753483,140.19043,41.857601
7237,01363,24.791380532816355,140.225861,41.921024
7238,01402,25.058664122615625,140.519485,42.980881
7239,01428,46.72576229576754,141.683395,43.013775
7240,01429,9.995921663961106,141.779694,43.056751
7241,01429,9.596084797402659,141.786011,43.057465
7242,01429,8.796411064285772,141.797211,43.052032
7243,01432,33.98392152704713,141.875076,43.545563
7244,01434,26.773522770881115,141.957855,43.767014
7245,01453,65.89017294193692,142.460052,43.697521
7246,01458,24.8198321489907,142.49408,43.705109
7247,01458,13.788795638328164,142.500992,43.704678
7248,01481,31.63949306986,141.519379,43.848122
7249,01482,40.20699154908603,141.678009,44.015633
7250,01545,10.443738795826473,144.662354,43.903908
7251,01546,60.44136703866314,144.592941,43.831352
7252,01552,49.00192871591426,143.769775,44.016953
7253,01578,15.801857350312956,141.365036,42.556847
7254,01578,15.801857350312956,141.365036,42.556847
7255,01578,13.694943036937895,141.349503,42.547329
7256,01585,20.975177974385105,141.813065,42.758781
7257,01631,12.040654668455309,143.205688,42.961334
7258,01631,7.5254091677845665,143.192993,43.004093
7259,01631,4.364737317315049,143.202499,42.967018
7260,01643,22.74548979682819,143.236664,42.923096
7261,01649,10.425452282183631,143.653336,42.804649
7262,01661,21.73470391613607,144.407028,43.007187
7263,01661,19.065529750996554,144.434265,42.99905
7264,01661,15.633734395817173,144.411774,43.011635
7265,01692,20.309853901065964,144.969299,43.536869
7266,13101,8.074558365540875,139.739395,35.68676
7267,13101,5.266016325352743,139.742462,35.686813
7268,13102,7.7939947426387866,139.778732,35.66156
7269,13102,7.7939947426387866,139.776215,35.658539
7270,13102,6.780775426095744,139.785553,35.678455
7271,13102,6.235195794111029,139.787369,35.666119
7272,13103,10.382170425513255,139.756729,35.628567
7273,13103,4.007153497566519,139.749115,35.637943
7274,13103,3.7339384863688023,139.751404,35.639462
7275,13103,3.4607234751710845,139.733444,35.650276
7276,13103,3.00536512317489,139.733398,35.642651
7277,13103,2.595542606378314,139.712296,35.667282
7278,13103,2.322327595180597,139.727844,35.662457
7279,13103,2.1401842543821186,139.732635,35.628197
7280,13103,2.0946484191824988,139.728699,35.633675
7281,13103,1.4571467263878255,139.728989,35.649784
7282,13103,0.8651808687927711,139.723785,35.65271
7283,13103,0.4553583519961954,139.727066,35.650387
7284,13104,4.2636507355205735,139.690552,35.702358
7285,13104,3.356491004558749,139.699905,35.715725
7286,13104,2.7214791928854725,139.738388,35.70842
7287,13104,2.7214791928854725,139.709427,35.699833
7288,13104,2.38885395819947,139.738876,35.706417
7289,13104,2.116706038910923,139.697998,35.718258
7290,13104,1.9352740927185583,139.680038,35.719326
7291,13104,1.9050354350198306,139.694687,35.717957
7292,13104,1.8143194619236482,139.697754,35.719982
7293,13104,1.602648858032556,139.736191,35.706455
7294,13104,1.5724102003338287,139.718491,35.686558
7295,13104,1.5724102003338287,139.718491,35.686558
7296,13104,1.421216911840191,139.693359,35.718201
7297,13104,1.2700236233465536,139.72673,35.699116
7298,13104,1.209546307949099,139.703613,35.719013
7299,13104,1.149068992551644,139.70726,35.689888
7300,13104,1.088591677154189,139.703705,35.70932
7301,13104,1.0583530194554616,139.70192,35.719833
7302,13104,0.7862051001669144,139.689056,35.713436
7303,13105,5.595402157146778,139.736969,35.714462
7304,13105,5.4119463487157375,139.758331,35.717236
7305,13105,4.448803354452766,139.763611,35.703373
7306,13105,4.448803354452766,139.758331,35.717236
7307,13105,2.5683813180345867,139.734039,35.708511
7308,13105,2.5225173659268263,139.767059,35.718048
7309,13105,2.3849255096035447,139.747803,35.722462
7310,13105,2.2473336532802635,139.763168,35.714886
7311,13105,2.2473336532802635,139.760483,35.72876
7312,13105,1.92628598852594,139.765808,35.706104
7313,13105,1.054870898478491,139.731461,35.722462
7314,13106,6.7256585250274314,139.808151,35.726059
7315,13106,5.348114007853138,139.808075,35.725811
7316,13106,2.4714769278715263,139.788986,35.706413
7317,13106,2.3499288822385003,139.789474,35.698883
7318,13106,2.1878648213944656,139.772079,35.726048
7319,13106,1.7016726388623624,139.789307,35.716957
7320,13107,3.2027419570662192,139.80658,35.696857
7321,13107,3.2027419570662192,139.832108,35.718811
7322,13107,3.2027419570662192,139.812485,35.715004
7323,13107,3.2027419570662192,139.810455,35.690605
7324,13107,2.658275824364962,139.82518,35.712452
7325,13107,2.6262484047943,139.834732,35.712307
7326,13107,2.0177274329517183,139.82225,35.710827
7327,13107,1.7294806568157586,139.813507,35.713093
7328,13107,1.6333983981037719,139.833374,35.705757
7329,13107,1.6013709785331096,139.813339,35.724873
7330,13107,0.6405483914132438,139.831177,35.704311
7331,13108,1.7824544208216286,139.840378,35.695446
7332,13108,1.3095583499914007,139.816162,35.681114
7333,13108,1.1458635562424755,139.823715,35.680347
7334,13108,1.0912986249928338,139.834946,35.689064
7335,13108,1.0367336937431921,139.816757,35.692398
7336,13108,0.9094155208273614,139.82431,35.678448
7337,13108,0.9094155208273614,139.811447,35.658531
7338,13108,0.6729674854122475,139.842621,35.669304
7339,13108,0.6184025541626058,139.798782,35.677898
7340,13108,0.5820259333295114,139.842133,35.691746
7341,13108,0.5456493124964169,139.801971,35.663887
7342,13108,0.49108438124677517,139.798843,35.678001
7343,13109,2.2208509890986967,139.713501,35.623451
7344,13109,1.9768014298570815,139.717224,35.62822
7345,13109,1.6351320469188209,139.7117,35.624317
7346,13109,1.6351320469188209,139.700851,35.605347
7347,13109,1.6107270909946592,139.73819,35.612606
7348,13109,1.6107270909946592,139.738983,35.618801
7349,13109,1.4642973554496903,139.726685,35.607357
7350,13109,1.4642973554496903,139.716064,35.598553
7351,13109,1.4154874436013674,139.729691,35.596794
7352,13109,1.1958428402839136,139.748688,35.614136
7353,13109,1.1714378843597522,139.721619,35.598743
7354,13109,0.7321486777248452,139.731354,35.592968
7355,13109,0.7077437218006837,139.723495,35.617203
7356,13109,0.7077437218006837,139.737869,35.607414
7357,13110,2.4129914656178375,139.687454,35.62656
7358,13110,2.2454226138388216,139.696365,35.62907
7359,13110,2.1448813027714113,139.683228,35.63298
7360,13110,2.044339991704001,139.666214,35.630951
7361,13110,2.0108262213481978,139.69136,35.617298
7362,13110,1.9437986806365914,139.716705,35.641464
7363,13110,1.7092022881459683,139.665436,35.607624
7364,13110,1.6086609770785585,139.676407,35.624973
7365,13110,1.4746058956553452,139.703613,35.635056
7366,13110,1.4746058956553452,139.671371,35.616531
7367,13110,1.4410921252995421,139.679321,35.61161
7368,13110,1.4075783549437384,139.684341,35.616692
7369,13110,1.340550814232132,139.667068,35.619564
7370,13110,1.2735232735205253,139.684814,35.616905
7371,13110,1.1729819624531155,139.668594,35.612576
7372,13110,1.1729819624531155,139.707687,35.632217
7373,13110,0.670275407116066,139.666061,35.631004
7374,13111,3.3029604973463886,139.686295,35.607887
7375,13111,1.7113164895671507,139.70369,35.544975
7376,13111,1.4600042778125344,139.689087,35.562206
7377,13111,1.4360697814549517,139.745804,35.56509
7378,13111,1.316397299667039,139.699097,35.558296
7379,13111,1.2924628033094563,139.712997,35.554138
7380,13111,1.2326265624155002,139.709137,35.544899
7381,13111,1.1967248178791263,139.744949,35.558167
7382,13111,1.0890195842700052,139.697144,35.579952
7383,13111,1.0770523360912136,139.723648,35.572182
7384,13111,0.9573798543033012,139.699677,35.558071
7385,13111,0.8736091170517623,139.72081,35.594028
7386,13111,0.861641868872971,139.692413,35.586967
7387,13111,0.861641868872971,139.690338,35.571327
7388,13111,0.8496746206941796,139.703445,35.59132
7389,13111,0.8377073725153884,139.700104,35.559433
7390,13111,0.813772876157806,139.706146,35.588585
7391,13111,0.8018056279790147,139.703827,35.585701
7392,13111,0.7659038834426408,139.708374,35.544483
7393,13111,0.7539366352638497,139.704834,35.592167
7394,13111,0.7419693870850583,139.688065,35.565147
7395,13111,0.7419693870850583,139.679184,35.591503
7396,13111,0.7300021389062672,139.721588,35.569382
7397,13111,0.7180348907274758,139.712021,35.578823
7398,13111,0.7180348907274758,139.737106,35.553143
7399,13111,0.7060676425486845,139.741486,35.569077
7400,13111,0.682133146191102,139.697845,35.56525
7401,13111,0.6581986498335195,139.697144,35.604527
7402,13111,0.6581986498335195,139.730682,35.560867
7403,13111,0.6462314016547281,139.73941,35.553688
7404,13111,0.6103296571183545,139.745361,35.558811
7405,13111,0.5983624089395632,139.724533,35.574486
7406,13111,0.5863951607607719,139.719681,35.5522
7407,13111,0.5863951607607719,139.705734,35.585255
7408,13111,0.5744279125819807,139.743271,35.566761
7409,13111,0.5744279125819807,139.690536,35.56295
7410,13111,0.5624606644031893,139.70462,35.543537
7411,13111,0.5385261680456068,139.692612,35.580856
7412,13111,0.5385261680456068,139.706375,35.564049
7413,13111,0.5385261680456068,139.73201,35.565022
7414,13111,0.5385261680456068,139.74585,35.558113
7415,13111,0.502624423509233,139.744156,35.549778
7416,13111,0.4786899271516506,139.70842,35.54575
7417,13111,0.454755430794068,139.695953,35.599026
7418,13111,0.44278818261527675,139.719742,35.585522
7419,13111,0.4308209344364855,139.746094,35.562931
7420,13111,0.4308209344364855,139.705673,35.554295
7421,13111,0.3829519417213204,139.685287,35.584896
7422,13111,0.37098469354252916,139.719986,35.592003
7423,13111,0.3111484526485728,139.731552,35.581322
7424,13111,0.1914759708606602,139.720566,35.566448
7425,13111,0.011967248178791263,139.705948,35.600025
7426,13112,1.978234396918528,139.596497,35.648609
7427,13112,1.374872905858377,139.642181,35.622833
7428,13112,1.1968318101357094,139.595978,35.661388
7429,13112,1.186940638151117,139.629425,35.633076
7430,13112,1.1275936062435608,139.621078,35.639511
7431,13112,1.0583554023514126,139.618393,35.656979
7432,13112,1.038573058382227,139.649063,35.662903
7433,13112,1.0088995424284493,139.598831,35.624329
7434,13112,0.9495525105208935,139.608719,35.664162
7435,13112,0.9495525105208935,139.664886,35.619774
7436,13112,0.9000966505979302,139.648163,35.624039
7437,13112,0.880314306628745,139.653976,35.635414
7438,13112,0.850640790674967,139.622711,35.659492
7439,13112,0.8011849307520038,139.633713,35.639133
7440,13112,0.8011849307520038,139.602219,35.626122
7441,13112,0.7912937587674113,139.629074,35.62442
7442,13112,0.7814025867828185,139.672333,35.603413
7443,13112,0.7517290708290407,139.673386,35.62962
7444,13112,0.741837898844448,139.643738,35.62075
7445,13112,0.6923820389214848,139.615219,35.623055
7446,13112,0.6725996949522995,139.648926,35.597054
7447,13112,0.662708522967707,139.608658,35.623699
7448,13112,0.6528173509831142,139.621735,35.663185
7449,13112,0.6429261789985217,139.595322,35.637051
7450,13112,0.6429261789985217,139.604263,35.648678
7451,13112,0.6330350070139289,139.609634,35.629257
7452,13112,0.6330350070139289,139.596268,35.658558
7453,13112,0.6231438350293363,139.680664,35.630676
7454,13112,0.6231438350293363,139.653763,35.598942
7455,13112,0.5934703190755585,139.626617,35.63213
7456,13112,0.5934703190755585,139.608841,35.668728
7457,13112,0.5736879751063731,139.656326,35.592808
7458,13112,0.5637968031217804,139.655365,35.615059
7459,13112,0.5637968031217804,139.645599,35.623581
7460,13112,0.5539056311371878,139.622437,35.644688
7461,13112,0.5539056311371878,139.608536,35.667744
7462,13112,0.5539056311371878,139.613693,35.644756
7463,13112,0.5440144591525952,139.609695,35.634438
7464,13112,0.5341232871680025,139.614929,35.620804
7465,13112,0.5143409431988173,139.613739,35.62022
7466,13112,0.5143409431988173,139.614639,35.663712
7467,13112,0.5143409431988173,139.621399,35.617031
7468,13112,0.494558599229632,139.610413,35.659046
7469,13112,0.494558599229632,139.634521,35.620441
7470,13112,0.494558599229632,139.64003,35.629902
7471,13112,0.48466742724503936,139.633286,35.631546
7472,13112,0.47477625526044676,139.590851,35.679352
7473,13112,0.47477625526044676,139.62529,35.65036
7474,13112,0.47477625526044676,139.606506,35.643707
7475,13112,0.4648850832758541,139.620178,35.647724
7476,13112,0.45499391129126143,139.636658,35.619667
7477,13112,0.44510273930666877,139.656326,35.592808
7478,13112,0.4352115673220762,139.624207,35.653713
7479,13112,0.4253203953374835,139.601151,35.650051
7480,13112,0.4253203953374835,139.647873,35.616016
7481,13112,0.40553805136829824,139.626648,35.615788
7482,13112,0.40553805136829824,139.635742,35.620609
7483,13112,0.39564687938370563,139.612686,35.618816
7484,13112,0.39564687938370563,139.61734,35.6661
7485,13112,0.38575570739911297,139.640991,35.644051
7486,13112,0.38575570739911297,139.588364,35.641045
7487,13112,0.37586453541452036,139.6474,35.603874
7488,13112,0.37586453541452036,139.607864,35.647549
7489,13112,0.35608219144533504,139.656281,35.614647
7490,13112,0.35608219144533504,139.596237,35.648277
7491,13112,0.3461910194607424,139.594635,35.653725
7492,13112,0.33629984747614977,139.596085,35.659939
7493,13112,0.33629984747614977,139.637024,35.647156
7494,13112,0.29673515953777924,139.651245,35.660202
7495,13112,0.29673515953777924,139.663818,35.657597
7496,13112,0.29673515953777924,139.627151,35.65509
7497,13112,0.29673515953777924,139.606796,35.62249
7498,13112,0.29673515953777924,139.65715,35.622437
7499,13112,0.09891171984592641,139.666626,35.600155
7500,13112,0.019782343969185278,139.62854,35.652061
7501,13113,2.613872315639114,139.676254,35.683823
7502,13113,2.338727861361313,139.693008,35.661465
7503,13113,2.155298225176112,139.688187,35.678837
7504,13113,2.0635834070835113,139.69664,35.653522
7505,13113,2.0635834070835113,139.673843,35.671284
7506,13113,2.017725998037211,139.678452,35.687149
7507,13113,1.8342963618520103,139.678513,35.672489
7508,13113,1.8342963618520103,139.705963,35.644375
7509,13113,1.650866725666809,139.680756,35.678146
7510,13113,1.650866725666809,139.686874,35.675774
7511,13113,1.650866725666809,139.691422,35.663414
7512,13113,0.04585740904630025,139.712418,35.656635
7513,13114,2.8835936497500647,139.665375,35.727203
7514,13114,2.5087264752825567,139.668457,35.718754
7515,13114,2.479890538785056,139.632751,35.729706
7516,13114,2.451054602287555,139.663589,35.725288
7517,13114,2.393382729292554,139.666306,35.68483
7518,13114,2.1626952373125485,139.639771,35.716206
7519,13114,1.9320077453325435,139.668121,35.723152
7520,13114,1.7301561898500388,139.664459,35.728733
7521,13114,1.6148124438600364,139.637054,35.725742
7522,13114,1.4994686978700336,139.672226,35.726807
7523,13114,1.4706327613725332,139.633698,35.722942
7524,13114,1.3841249518800312,139.651016,35.717781
7525,13114,1.2976171423875291,139.673355,35.728081
7526,13114,1.2976171423875291,139.672913,35.726093
7527,13114,1.1534374599000259,139.656799,35.714672
7528,13114,0.7497343489350168,139.667969,35.719101
7529,13114,0.6920624759400156,139.671341,35.715191
7530,13115,2.789133510049393,139.619415,35.691448
7531,13115,1.6767045378331613,139.620087,35.723217
7532,13115,1.612215901762655,139.609756,35.692822
7533,13115,1.5799715837274018,139.613266,35.725708
7534,13115,1.2575284033748706,139.613602,35.723927
7535,13115,1.1769176082867383,139.628357,35.682781
7536,13115,1.0640624951633524,139.653961,35.690529
7537,13115,1.0640624951633524,139.654205,35.707844
7538,13115,1.0318181771280992,139.647217,35.680267
7539,13115,1.0156960181104726,139.614105,35.70776
7540,13115,0.9673295410575931,139.598251,35.720898
7541,13115,0.9673295410575931,139.615997,35.726646
7542,13115,0.9673295410575931,139.645203,35.707542
7543,13115,0.9512073820399664,139.61705,35.694221
7544,13115,0.9028409049870868,139.60997,35.720463
7545,13115,0.9028409049870868,139.650284,35.691814
7546,13115,0.9028409049870868,139.609558,35.728474
7547,13115,0.8867187459694602,139.615692,35.712437
7548,13115,0.8867187459694602,139.633743,35.673698
7549,13115,0.8705965869518337,139.592667,35.697815
7550,13115,0.8705965869518337,139.614029,35.690479
7551,13115,0.854474427934207,139.617752,35.686749
7552,13115,0.8383522689165807,139.605103,35.692909
7553,13115,0.8383522689165807,139.641327,35.681286
7554,13115,0.822230109898954,139.598557,35.715935
7555,13115,0.8061079508813275,139.608536,35.715569
7556,13115,0.7416193148108213,139.605774,35.722343
7557,13115,0.7093749967755681,139.595352,35.704765
7558,13115,0.6771306787403152,139.623993,35.686771
7559,13115,0.6771306787403152,139.639114,35.705513
7560,13115,0.6771306787403152,139.659683,35.677731
7561,13115,0.6126420426698089,139.609131,35.709446
7562,13115,0.6126420426698089,139.595505,35.718803
7563,13115,0.5320312475816762,139.624527,35.705559
7564,13115,0.5320312475816762,139.608795,35.677357
7565,13115,0.5320312475816762,139.600769,35.706001
7566,13115,0.499786929546423,139.621506,35.715889
7567,13115,0.48366477052879653,139.623505,35.696438
7568,13115,0.48366477052879653,139.618805,35.722397
7569,13115,0.43529829347591686,139.594574,35.698036
7570,13115,0.43529829347591686,139.630051,35.701015
7571,13116,2.6128642419573147,139.694199,35.726063
7572,13116,1.9183053928294207,139.704453,35.725876
7573,13116,1.6867857764534562,139.707474,35.725555
7574,13116,1.5214146218991957,139.691299,35.726032
7575,13116,1.3229692364340835,139.692825,35.733673
7576,13116,0.9922269273255624,139.690933,35.726631
7577,13116,0.7276330800387458,139.732605,35.739628
7578,13117,4.425553309683668,139.749863,35.755291
7579,13117,3.1239199833061186,139.732483,35.765438
7580,13117,1.8222866569285692,139.71022,35.772804
7581,13117,1.6270416579719371,139.725723,35.770767
7582,13117,1.4101027702423452,139.73262,35.783863
7583,13117,1.366714992696427,139.73526,35.75486
7584,13117,1.2365516600586721,139.740387,35.763206
7585,13117,1.1714699937397945,139.745285,35.755711
7586,13117,1.1714699937397945,139.749847,35.76141
7587,13117,1.1280822161938762,139.74321,35.741726
7588,13118,5.265617947747313,139.781158,35.752571
7589,13118,4.266303592700377,139.782257,35.729172
7590,13118,2.306110050108312,139.762878,35.753105
7591,13118,1.6911473700794288,139.801926,35.735828
7592,13119,2.1105669859173366,139.669235,35.775093
7593,13119,1.4555634385636802,139.690598,35.769032
7594,13119,1.4410078041780432,139.688217,35.792519
7595,13119,1.397340901021133,139.638885,35.771832
7596,13119,1.3682296322498595,139.688202,35.792408
7597,13119,1.339118363478586,139.653519,35.771877
7598,13119,1.310007094707312,139.676331,35.773544
7599,13119,1.2081176540078544,139.689148,35.774567
7600,13119,1.1353394820796707,139.678528,35.788727
7601,13119,1.1207838476940337,139.675735,35.776524
7602,13119,1.0771169445371234,139.679138,35.783081
7603,13119,1.0771169445371234,139.667206,35.773605
7604,13119,1.0771169445371234,139.68454,35.784954
7605,13119,1.0625613101514866,139.66774,35.773998
7606,13119,1.0480056757658498,139.680786,35.786846
7607,13119,1.018894406994576,139.648926,35.783321
7608,13119,1.018894406994576,139.662033,35.780773
7609,13119,0.9897831382233025,139.673691,35.768803
7610,13119,0.9752275038376657,139.685318,35.771572
7611,13119,0.9752275038376657,139.696838,35.745991
7612,13119,0.9315606006807553,139.686691,35.764847
7613,13119,0.9315606006807553,139.687881,35.74511
7614,13119,0.873338063138208,139.683853,35.761398
7615,13119,0.8442267943669346,139.692047,35.769745
7616,13119,0.8151155255956609,139.642944,35.795986
7617,13119,0.8005598912100241,139.683594,35.761425
7618,13119,0.7860042568243873,139.680954,35.755703
7619,13119,0.7860042568243873,139.695923,35.765892
7620,13119,0.7860042568243873,139.678436,35.788025
7621,13119,0.7568929880531138,139.680984,35.778526
7622,13119,0.7277817192818401,139.681686,35.761475
7623,13119,0.7277817192818401,139.681641,35.754974
7624,13119,0.7277817192818401,139.675201,35.772026
7625,13119,0.7277817192818401,139.693329,35.769199
7626,13119,0.7132260848962033,139.680862,35.769394
7627,13119,0.669559181739293,139.640717,35.789753
7628,13119,0.655003547353656,139.707336,35.746124
7629,13119,0.655003547353656,139.696457,35.761234
7630,13119,0.6404479129680192,139.677277,35.790432
7631,13119,0.6404479129680192,139.664047,35.776688
7632,13119,0.6258922785823826,139.684433,35.787544
7633,13119,0.582225375425472,139.651566,35.795574
7634,13119,0.5531141066541985,139.692215,35.752838
7635,13119,0.509447203497288,139.669037,35.773453
7636,13119,0.4948915691116513,139.658615,35.775822
7637,13119,0.4948915691116513,139.654709,35.778976
7638,13119,0.4948915691116513,139.665054,35.775261
7639,13119,0.4221133971834673,139.698288,35.773441
7640,13119,0.145556343856368,139.67926,35.758369
7641,13119,0.014555634385636802,139.635468,35.777546
7642,13120,2.3837585276916435,139.624008,35.770157
7643,13120,1.9864654397430366,139.5746,35.761257
7644,13120,1.6359127150825004,139.62677,35.746658
7645,13120,1.5424319885063575,139.617584,35.743187
7646,13120,1.5307468976843397,139.638351,35.730396
7647,13120,1.2269345363118753,139.610306,35.749001
7648,13120,1.168509082201786,139.637939,35.730793
7649,13120,1.0516581739816073,139.638687,35.730507
7650,13120,1.0516581739816073,139.637878,35.730305
7651,13120,1.0399730831595895,139.614563,35.752918
7652,13120,0.9932327198715183,139.659256,35.76046
7653,13120,0.8997519932953753,139.665131,35.744694
7654,13120,0.8997519932953753,139.56839,35.722977
7655,13120,0.8880669024733574,139.638947,35.730011
7656,13120,0.8880669024733574,139.586884,35.754852
7657,13120,0.8646967208293217,139.614731,35.752552
7658,13120,0.8646967208293217,139.573303,35.753147
7659,13120,0.8413265391852859,139.657913,35.742954
7660,13120,0.829641448363268,139.644073,35.767296
7661,13120,0.8179563575412502,139.65773,35.730892
7662,13120,0.8179563575412502,139.639328,35.73737
7663,13120,0.8179563575412502,139.570892,35.736584
7664,13120,0.7945861758972146,139.654617,35.73019
7665,13120,0.7829010850751966,139.616302,35.744289
7666,13120,0.7712159942531788,139.617401,35.736431
7667,13120,0.7712159942531788,139.628738,35.745956
7668,13120,0.7712159942531788,139.635376,35.739521
7669,13120,0.7595309034311609,139.582504,35.725925
7670,13120,0.7361607217871252,139.619583,35.7644
7671,13120,0.7361607217871252,139.644852,35.73053
7672,13120,0.7244756309651074,139.576767,35.758171
7673,13120,0.7244756309651074,139.60347,35.750786
7674,13120,0.7127905401430895,139.66481,35.758736
7675,13120,0.7011054493210717,139.603043,35.734169
7676,13120,0.7011054493210717,139.59465,35.748692
7677,13120,0.7011054493210717,139.623047,35.732975
7678,13120,0.6777352676770358,139.586609,35.756443
7679,13120,0.6777352676770358,139.642624,35.766632
7680,13120,0.666050176855018,139.566879,35.758171
7681,13120,0.666050176855018,139.619492,35.75985
7682,13120,0.6543650860330003,139.649658,35.748188
7683,13120,0.6543650860330003,139.671616,35.743084
7684,13120,0.6543650860330003,139.641388,35.730602
7685,13120,0.6543650860330003,139.648621,35.72715
7686,13120,0.6309949043889646,139.636581,35.733185
7687,13120,0.6309949043889646,139.582367,35.726421
7688,13120,0.6193098135669466,139.595642,35.721291
7689,13120,0.6076247227449287,139.668808,35.75938
7690,13120,0.6076247227449287,139.586472,35.772495
7691,13120,0.5959396319229109,139.671265,35.751732
7692,13120,0.5959396319229109,139.652542,35.755749
7693,13120,0.584254541100893,139.595367,35.75668
7694,13120,0.584254541100893,139.58342,35.737827
7695,13120,0.584254541100893,139.587921,35.765965
7696,13120,0.5725694502788752,139.645569,35.731873
7697,13120,0.5725694502788752,139.629059,35.747295
7698,13120,0.5608843594568573,139.663895,35.753262
7699,13120,0.5491992686348395,139.627533,35.771622
7700,13120,0.5375141778128215,139.569443,35.741272
7701,13120,0.5375141778128215,139.5784,35.731449
7702,13120,0.5375141778128215,139.568222,35.725079
7703,13120,0.5258290869908037,139.669388,35.745987
7704,13120,0.5024589053467681,139.587265,35.746616
7705,13120,0.47908872370273237,139.605255,35.748508
7706,13120,0.4674036328807144,139.63681,35.732075
7707,13120,0.4674036328807144,139.589813,35.757042
7708,13120,0.4674036328807144,139.579239,35.73061
7709,13120,0.4440334512366787,139.571823,35.722942
7710,13120,0.42066326959264294,139.614532,35.745739
7711,13120,0.3972930879486073,139.572891,35.75449
7712,13120,0.35055272466053583,139.668976,35.749187
7713,13121,3.395130851043672,139.802155,35.798161
7714,13121,2.369977704462303,139.820358,35.796387
7715,13121,1.8518895551147299,139.758987,35.804333
7716,13121,1.7196117297493925,139.755402,35.777733
7717,13121,1.6534728170667234,139.806183,35.797939
7718,13121,1.4550560790187164,139.822006,35.788464
7719,13121,1.3889171663360476,139.766129,35.812813
7720,13121,1.1905004282880407,139.819946,35.796242
7721,13121,1.1023152113778156,139.798004,35.800251
7722,13121,0.9259447775573649,139.80159,35.778458
7723,13121,0.9259447775573649,139.801559,35.80645
7724,13121,0.9038984733298088,139.785965,35.787514
7725,13121,0.9038984733298088,139.8237,35.79438
7726,13121,0.8708290169884743,139.804001,35.802834
7727,13121,0.8598058648746962,139.842682,35.799538
7728,13121,0.7936669521920272,139.803314,35.800255
7729,13121,0.7275280395093582,139.780029,35.77911
7730,13121,0.6944585831680238,139.794128,35.787487
7731,13121,0.6613891268266893,139.810501,35.791019
7732,13121,0.6283196704853549,139.811295,35.797779
7733,13121,0.6172965183715767,139.840027,35.786983
7734,13121,0.5952502141440204,139.816422,35.806026
7735,13121,0.5401344535751297,139.758438,35.775703
7736,13121,0.4960418451200169,139.817459,35.804829
7737,13121,0.47399554089246065,139.793716,35.788349
7738,13121,0.4519492366649044,139.782318,35.80579
7739,13121,0.4409260845511262,139.791428,35.803616
7740,13121,0.41887978032356993,139.810699,35.773067
7741,13121,0.40785662820979174,139.825195,35.775864
7742,13121,0.3968334760960136,139.757797,35.760731
7743,13122,3.131220588755579,139.846878,35.722317
7744,13122,1.344382752780928,139.85968,35.765938
7745,13122,1.2763127399818934,139.875626,35.755402
7746,13122,1.1061377079843078,139.839188,35.728012
7747,13122,0.9529801791864806,139.865417,35.716351
7748,13122,0.9359626759867221,139.871994,35.741142
7749,13122,0.9189451727869634,139.843018,35.740894
7750,13122,0.9189451727869634,139.855545,35.778957
7751,13122,0.7657876439891362,139.84935,35.760174
7752,13122,0.6807001279903433,139.863937,35.759651
7753,13122,0.5785951087917918,139.846359,35.758099
7754,13122,0.34035006399517165,139.849777,35.751141
7755,13123,1.9447127111389697,139.878342,35.689312
7756,13123,1.3139950750938987,139.909912,35.706261
7757,13123,1.3139950750938987,139.876541,35.659599
7758,13123,1.3139950750938987,139.866974,35.693356
7759,13123,1.261435272090143,139.877869,35.685795
7760,13123,1.2220154198373256,139.877441,35.696877
7761,13123,1.1825955675845088,139.879532,35.706623
7762,13123,1.051196060075119,139.86203,35.657726
7763,13123,1.024916158573241,139.863312,35.669132
7764,13123,0.959216404818546,139.878494,35.659698
7765,13123,0.9329365033166681,139.870667,35.709843
7766,13123,0.880376700312912,139.875427,35.711426
7767,13123,0.854096798811034,139.869812,35.715675
7768,13123,0.854096798811034,139.854202,35.665806
7769,13123,0.854096798811034,139.885117,35.75032
7770,13123,0.7883970450563391,139.843002,35.70433
7771,13123,0.7883970450563391,139.87439,35.697582
7772,13123,0.7883970450563391,139.868439,35.710297
7773,13123,0.7621171435544611,139.868576,35.661526
7774,13123,0.7621171435544611,139.882492,35.667625
7775,13123,0.7621171435544611,139.873932,35.720348
7776,13123,0.7489771928035223,139.884811,35.659706
7777,13123,0.7358372420525832,139.903091,35.695026
7778,13123,0.7358372420525832,139.880325,35.659985
7779,13123,0.7358372420525832,139.877136,35.674835
7780,13123,0.7095573405507052,139.867447,35.677727
7781,13123,0.7095573405507052,139.896713,35.717247
7782,13123,0.6964173897997663,139.907516,35.702068
7783,13123,0.6701374882978882,139.876694,35.732353
7784,13123,0.6569975375469493,139.906082,35.707333
7785,13123,0.6569975375469493,139.879181,35.737659
7786,13123,0.6307176360450715,139.881561,35.656548
7787,13123,0.6307176360450715,139.907166,35.702557
7788,13123,0.6044377345431934,139.859726,35.661575
7789,13123,0.5912977837922544,139.890732,35.719948
7790,13123,0.5781578330413154,139.879303,35.666553
7791,13123,0.5781578330413154,139.894348,35.744148
7792,13123,0.4730382270338035,139.860519,35.665413
7793,13123,0.42047842403004754,139.870956,35.672054
7794,13123,0.42047842403004754,139.850494,35.700848
7795,13123,0.42047842403004754,139.911957,35.69978
7796,13123,0.2627990150187797,139.867477,35.698738
7797,13123,0.23651911351690175,139.883972,35.72403
7798,13123,0.23651911351690175,139.916412,35.696148
7799,13201,6.156238539274286,139.381302,35.603508
7800,13201,3.359109410433894,139.295456,35.663509
7801,13201,2.5544558254250145,139.281006,35.684185
7802,13201,1.8136636360517606,139.340164,35.669159
7803,13201,1.532673495255009,139.331482,35.667538
7804,13201,1.213366517076882,139.341827,35.639313
7805,13201,1.1239605631870064,139.393036,35.627548
7806,13201,1.0984160049327563,139.412857,35.640343
7807,13201,1.0984160049327563,139.257095,35.706715
7808,13201,1.0856437258056313,139.317993,35.662647
7809,13201,0.9323763762801305,139.40062,35.626633
7810,13201,0.8940595388987551,139.368896,35.668587
7811,13201,0.85574270151738,139.290726,35.705227
7812,13201,0.7663367476275045,139.362015,35.645176
7813,13201,0.7280199102461292,139.312286,35.655373
7814,13201,0.7152476311190041,139.305405,35.704723
7815,13201,0.7152476311190041,139.419693,35.639977
7816,13201,0.6130693981020036,139.367981,35.68655
7817,13201,0.5875248398477534,139.3564,35.664707
7818,13201,0.5364357233392532,139.336807,35.680317
7819,13201,0.523663444212128,139.417648,35.640987
7820,13201,0.38316837381375224,139.36441,35.686726
7821,13201,0.38316837381375224,139.417648,35.640987
7822,13201,0.38316837381375224,139.330231,35.662525
7823,13202,7.347527405010404,139.394943,35.702198
7824,13202,4.222716899431267,139.389755,35.73315
7825,13202,2.9981289985961994,139.41362,35.71999
7826,13202,2.5758573086530734,139.377182,35.72644
7827,13202,2.449175801670135,139.416656,35.721455
7828,13202,2.4069486326758223,139.409866,35.690514
7829,13202,2.2380399566985716,139.409302,35.698334
7830,13202,2.1535856187099465,139.426758,35.722424
7831,13202,1.7313139287668198,139.411194,35.687939
7832,13202,0.760089041897628,139.400864,35.730579
7833,13202,0.04222716899431267,139.40567,35.699574
7834,13203,6.9556895591801755,139.557404,35.706692
7835,13203,6.475986830960855,139.543793,35.700684
7836,13203,4.61713875911098,139.562698,35.711323
7837,13203,4.197398871919073,139.565125,35.715298
7838,13203,3.83762182575458,139.578262,35.715248
7839,13203,2.6983278462336893,139.567947,35.70153
7840,13203,2.5784021641788586,139.566864,35.720646
7841,13203,2.5784021641788586,139.560516,35.710758
7842,13203,2.3385508000691972,139.566895,35.720184
7843,13204,11.029180555743752,139.566666,35.685421
7844,13204,4.681774603254491,139.57782,35.662411
7845,13204,3.8714674603835215,139.544327,35.687431
7846,13204,3.151194444498215,139.559067,35.70108
7847,13204,2.9711261905268884,139.540955,35.695137
7848,13204,2.9261091270340565,139.573898,35.668602
7849,13204,2.7010238095698984,139.562363,35.697983
7850,13204,2.7010238095698984,139.540085,35.686703
7851,13204,2.4759384921057404,139.533264,35.694923
7852,13204,2.385904365120077,139.573914,35.668556
7853,13204,2.2058361111487503,139.541138,35.666874
7854,13204,2.1608190476559184,139.542404,35.690533
7855,13204,2.1158019841630873,139.57637,35.682915
7856,13204,2.0257678571774242,139.581528,35.665283
7857,13204,1.9807507936845923,139.571152,35.676071
7858,13204,1.9357337301917608,139.551575,35.682514
7859,13204,1.8006825397132655,139.571869,35.685867
7860,13204,1.2154607143064542,139.567108,35.688942
7861,13204,1.1704436508136227,139.571426,35.693623
7862,13204,0.04501706349283165,139.569794,35.672298
7863,13205,1.249578729985567,139.292557,35.783451
7864,13206,3.6091030840875393,139.440063,35.669979
7865,13206,3.4048142302712634,139.508087,35.669662
7866,13206,2.791947668822436,139.486084,35.672951
7867,13206,2.213129249676321,139.481766,35.666828
7868,13206,2.1450329650708957,139.505005,35.674965
7869,13206,2.0428885381627584,139.47908,35.662346
7870,13206,1.9407441112546202,139.475388,35.657665
7871,13206,1.9066959689519076,139.506317,35.669884
7872,13206,1.7364552574383447,139.470795,35.657841
7873,13206,1.7024071151356317,139.491653,35.669102
7874,13206,1.7024071151356317,139.490585,35.66127
7875,13206,1.6683589728329193,139.489014,35.677692
7876,13206,1.395973834411218,139.467865,35.665119
7877,13206,1.3619256921085054,139.455917,35.677677
7878,13206,1.3278775498057926,139.454834,35.672493
7879,13207,5.333375644780115,139.364578,35.7188
7880,13207,4.6000364936228495,139.368301,35.70192
7881,13207,4.400034906943595,139.353973,35.704079
7882,13207,2.3333518445913,139.364014,35.703259
7883,13207,1.9333486712327916,139.375229,35.710083
7884,13208,4.874224754552788,139.567627,35.647984
7885,13208,4.686754571685374,139.585617,35.670536
7886,13208,3.711909620774816,139.528961,35.644772
7887,13208,3.1494990721725706,139.542572,35.654205
7888,13208,3.0745109990256054,139.587204,35.648979
7889,13208,3.037016962452122,139.538742,35.652401
7890,13208,2.924534852731673,139.584106,35.663769
7891,13208,2.924534852731673,139.55455,35.680538
7892,13208,2.399618340702911,139.528275,35.649921
7893,13208,2.2871362309824623,139.542145,35.65432
7894,13208,2.2496421944089793,139.542603,35.659557
7895,13208,2.2496421944089793,139.52829,35.659012
7896,13208,2.0621720115415645,139.546997,35.662907
7897,13208,1.8747018286741493,139.535385,35.65686
7898,13208,1.8747018286741493,139.532547,35.645256
7899,13208,1.1248210972044896,139.572861,35.659767
7900,13208,1.1248210972044896,139.579056,35.652599
7901,13209,9.707816891672111,139.446442,35.595909
7902,13209,3.0537834593008295,139.421432,35.606544
7903,13209,2.89305801407447,139.384888,35.598209
7904,13209,2.7162600243254746,139.446442,35.595909
7905,13209,2.7001874798028385,139.384888,35.598209
7906,13209,1.8644151646257696,139.473083,35.534641
7907,13209,1.5268917296504148,139.470428,35.505623
7908,13209,1.3340211953787833,139.383545,35.597218
7909,13209,1.3179486508561475,139.47464,35.513306
7910,13209,1.3018761063335114,139.466293,35.523468
7911,13209,1.2536584727656037,139.365295,35.60146
7912,13209,1.125078116584516,139.469727,35.597332
7913,13209,1.125078116584516,139.469727,35.597332
7914,13209,1.0929330275392444,139.476761,35.594521
7915,13209,1.0286428494487003,139.452423,35.574055
7916,13209,0.9804252158807927,139.441879,35.547203
7917,13209,0.9804252158807927,139.448196,35.551537
7918,13209,0.9804252158807927,139.456802,35.556297
7919,13209,0.9643526713581567,139.486572,35.569942
7920,13209,0.9643526713581567,139.406693,35.579086
7921,13209,0.9643526713581567,139.443161,35.565708
7922,13209,0.9643526713581567,139.415482,35.580147
7923,13209,0.9322075823128848,139.464523,35.570152
7924,13209,0.9322075823128848,139.480301,35.586292
7925,13209,0.9322075823128848,139.477829,35.512817
7926,13209,0.9322075823128848,139.438126,35.548199
7927,13209,0.9000624932676129,139.459473,35.552944
7928,13209,0.8357723151770692,139.422775,35.587612
7929,13209,0.8196997706544331,139.336487,35.607128
7930,13209,0.8196997706544331,139.459457,35.552391
7931,13209,0.8036272261317973,139.464005,35.580563
7932,13209,0.8036272261317973,139.397736,35.586578
7933,13209,0.7393370480412533,139.377045,35.595654
7934,13209,0.7232645035186175,139.468231,35.52282
7935,13209,0.6750468699507096,139.462311,35.560085
7936,13209,0.6750468699507096,139.474548,35.583511
7937,13209,0.5464665137696222,139.426559,35.556854
7938,13209,0.5143214247243502,139.471939,35.515839
7939,13210,5.636733403305,139.531815,35.699749
7940,13210,4.113291942952297,139.501831,35.71109
7941,13210,3.8086036508817562,139.528381,35.702366
7942,13210,2.5898504825995943,139.531174,35.708076
7943,13210,2.513678409581959,139.497452,35.692131
7944,13210,2.437506336564324,139.505722,35.707047
7945,13210,2.2851621905290536,139.514648,35.713558
7946,13210,2.2851621905290536,139.512115,35.695023
7947,13210,1.0664090222468918,139.530121,35.697487
7948,13210,0.9140648762116216,139.521912,35.703686
7949,13211,5.0231891340381924,139.48082,35.717388
7950,13211,3.809251759978963,139.482635,35.716358
7951,13211,3.64181212217769,139.491165,35.738174
7952,13211,3.5999522127273718,139.497604,35.725967
7953,13211,3.474372484376417,139.439362,35.727112
7954,13211,3.2650729371248257,139.442581,35.726574
7955,13211,3.0976332993235522,139.491028,35.712761
7956,13211,3.0976332993235522,139.456924,35.721771
7957,13211,2.9301936615222797,139.469025,35.722137
7958,13211,2.762754023721006,139.518768,35.721775
7959,13211,2.637174295370051,139.490311,35.737629
7960,13211,2.1348553819662324,139.469437,35.734154
7961,13211,1.4650968307611398,139.490799,35.729763
7962,13211,1.21393737405923,139.503952,35.727196
7963,13211,0.041859909450318276,139.465668,35.730679
7964,13212,3.5106663129016407,139.412292,35.663376
7965,13212,3.0150428334331743,139.407639,35.677872
7966,13212,2.602023267209451,139.407974,35.662212
7967,13212,2.3955134840975902,139.430466,35.658756
7968,13212,2.1063997877409846,139.416702,35.674004
7969,13212,2.0650978311186123,139.409698,35.677208
7970,13212,2.0237958744962397,139.417999,35.658779
7971,13212,1.9824939178738676,139.408417,35.678272
7972,13212,1.5694743516501453,139.426788,35.645805
7973,13212,1.2390586986711674,139.378799,35.654514
7974,13212,1.1564547854264227,139.385818,35.684326
7975,13212,0.4956234794684669,139.388519,35.658104
7976,13213,3.6053014015794087,139.463638,35.762131
7977,13213,3.512857775897885,139.453766,35.76276
7978,13213,2.403534267719606,139.465118,35.745415
7979,13213,2.357312454878844,139.478653,35.740032
7980,13213,1.848872513630466,139.466858,35.761417
7981,13213,1.2479889467005645,139.461594,35.755779
7982,13214,4.930118007582384,139.456726,35.702072
7983,13214,4.721803162191578,139.45787,35.703896
7984,13214,4.096858626019164,139.432724,35.701836
7985,13214,3.3330375262528786,139.470093,35.705837
7986,13214,3.1941609626590086,139.463821,35.701206
7987,13214,3.0552843990651386,139.436035,35.705826
7988,13215,6.537064282875331,139.425705,35.677917
7989,13215,5.4475535690627765,139.422043,35.687359
7990,13215,5.12070035491901,139.433563,35.68515
7991,13215,4.466993926631476,139.423737,35.685989
7992,13215,4.249091783868965,139.439651,35.686478
7993,13215,3.813287498343943,139.425766,35.683933
7994,13218,10.607238196009977,139.327271,35.737823
7995,13218,9.821516848157385,139.34494,35.722328
7996,13218,8.381027710427636,139.325638,35.740223
7997,13218,7.071492130673317,139.342972,35.722507
7998,13218,6.54767789877159,139.336655,35.732815
7999,13218,5.761956550919,139.339722,35.73579
8000,13219,7.972995921033616,139.579056,35.624184
8001,13219,6.50669782061364,139.584442,35.635166
8002,13219,5.681905139127404,139.573471,35.643253
8003,13219,5.406974245298658,139.582718,35.642181
8004,13219,5.31533061402241,139.57489,35.647621
8005,13219,5.223686982746162,139.576492,35.646477
8006,13219,4.12396340743118,139.573471,35.638809
8007,13219,3.57410161977369,139.579346,35.635098
8008,13219,3.2991707259449443,139.585297,35.634731
8009,13219,3.0242398321161987,139.574875,35.644524
8010,13219,0.09164363127624844,139.571213,35.644146
8011,13220,6.634774962117509,139.415405,35.735889
8012,13220,6.385970901038101,139.43631,35.745438
8013,13220,4.976081221588132,139.416397,35.745373
8014,13220,3.4832568551116916,139.421631,35.744541
8015,13220,2.819779358899941,139.445221,35.747314
8016,13221,5.850903710236112,139.520615,35.770714
8017,13221,4.748559532945252,139.497253,35.777447
8018,13221,2.7982582961998803,139.533066,35.774654
8019,13221,2.4590754724180766,139.508957,35.779243
8020,13222,9.368872207726177,139.526596,35.742985
8021,13222,3.7703997909141935,139.519577,35.752079
8022,13222,2.2850907823722384,139.524887,35.7556
8023,13222,1.7138180867791786,139.509857,35.749973
8024,13222,1.7138180867791786,139.53978,35.760468
8025,13223,4.954778868735211,139.382751,35.751911
8026,13223,4.128982390612675,139.406342,35.752579
8027,13223,3.922533271082042,139.377243,35.746933
8028,13223,3.7160841515514083,139.372681,35.740894
8029,13223,3.096736792959507,139.363663,35.75272
8030,13223,2.3741648746022888,139.391434,35.744289
8031,13224,3.76487649113511,139.444412,35.645569
8032,13224,2.9747172275635436,139.466064,35.632355
8033,13224,2.6958374874794613,139.450745,35.637112
8034,13224,2.50991766075674,139.444931,35.653038
8035,13224,2.0915980506306164,139.418701,35.624039
8036,13224,1.9521581805885757,139.450729,35.633453
8037,13224,1.8591982672272147,139.463165,35.633846
8038,13224,1.8591982672272147,139.444153,35.621109
8039,13224,1.7662383538658541,139.450745,35.637112
8040,13225,6.958303201103685,139.507965,35.645065
8041,13225,4.704204981027843,139.507965,35.645065
8042,13225,4.704204981027843,139.48317,35.613743
8043,13225,4.116179358399362,139.517517,35.636967
8044,13227,20.450599268528244,139.311615,35.772827
8045,13227,8.04830035729176,139.319275,35.759178
8046,13228,4.549913024820494,139.316391,35.721256
8047,13228,2.155221959125497,139.308624,35.739864
8048,13228,1.436814639416998,139.305466,35.73494
8049,13229,3.893917840514159,139.565536,35.741974
8050,13229,3.5824044132730264,139.528397,35.726154
8051,13229,2.375289882713637,139.559555,35.74979
8052,13229,2.2584723474982122,139.562912,35.735386
8053,13229,2.180593990687929,139.545898,35.729179
8054,13229,2.180593990687929,139.556046,35.734013
8055,13229,2.0248372770673626,139.551865,35.725151
8056,13229,2.0248372770673626,139.56572,35.744701
8057,13229,2.0248372770673626,139.532425,35.714184
8058,13229,1.985898098662221,139.553558,35.720924
8059,13229,1.246053708964531,139.558487,35.73724
8060,13229,1.207114530559389,139.531189,35.739792
8061,13229,1.207114530559389,139.555298,35.753685
8062,23101,6.634135813143816,136.924515,35.163593
8063,23101,3.9313397411222617,136.953049,35.172985
8064,23101,2.8502213123136393,136.942673,35.169571
8065,23101,2.358803844673357,136.952499,35.160194
8066,23101,1.9656698705611308,136.941559,35.161957
8067,23101,1.474252402920848,136.960464,35.184986
8068,23101,0.9828349352805654,136.972839,35.181053
8069,23102,8.99307007180857,136.919495,35.181602
8070,23102,5.593250898319963,136.928787,35.169716
8071,23103,3.2265204493639565,136.938309,35.203945
8072,23103,3.1055259325128084,136.920898,35.195454
8073,23103,2.6618793707252637,136.929489,35.221954
8074,23103,2.4602218426400166,136.928375,35.222633
8075,23103,2.339227325788868,136.902634,35.19339
8076,23103,2.1779013033206707,136.936295,35.222755
8077,23103,2.0165752808524724,136.923645,35.231953
8078,23103,1.9359122696183737,136.90773,35.195362
8079,23103,1.250276674128533,136.908401,35.213943
8080,23103,1.250276674128533,136.905853,35.211487
8081,23103,1.2099451685114837,136.908981,35.217545
8082,23104,3.5698322714307276,136.8853,35.193203
8083,23104,2.519881603362866,136.888657,35.174786
8084,23104,2.362389003152687,136.873917,35.187401
8085,23104,2.257393936345901,136.877029,35.190262
8086,23104,2.0474038027323287,136.888824,35.180172
8087,23104,1.259940801681433,136.889725,35.180813
8088,23104,0.5249753340339304,136.867935,35.229549
8089,23105,5.233839578211149,136.871078,35.158573
8090,23105,4.030056475222585,136.839691,35.164669
8091,23105,2.093535831284459,136.833664,35.147339
8092,23105,1.5178134776812333,136.841812,35.169422
8093,23106,17.765677517421704,136.928848,35.16943
8094,23106,9.82782160538222,136.903793,35.155594
8095,23106,9.575826179603187,136.927109,35.167778
8096,23106,8.315849050708032,136.90773,35.154995
8097,23106,8.063853624929001,136.927307,35.167988
8098,23106,6.9298742089233585,136.898743,35.149139
8099,23106,6.803876496033844,136.90773,35.160702
8100,23106,4.535917664022563,136.910324,35.157059
8101,23106,4.157924525354016,136.893356,35.173038
8102,23106,3.779931386685469,136.912598,35.164825
8103,23107,5.511560881696641,136.934143,35.154629
8104,23107,4.592967401413868,136.940033,35.154472
8105,23107,3.291626637679939,136.921997,35.148441
8106,23107,3.291626637679939,136.954025,35.151989
8107,23108,4.152869711732129,136.938202,35.132576
8108,23108,4.009667307879297,136.945877,35.129475
8109,23108,3.866464904026465,136.920532,35.134026
8110,23108,3.5800600963208007,136.956741,35.135067
8111,23108,2.1480360577924804,136.95993,35.123337
8112,23109,8.973783875613483,136.890854,35.117661
8113,23109,8.300750084942472,136.907578,35.139187
8114,23109,5.496442623813259,136.893555,35.133472
8115,23109,1.57041217823236,136.893555,35.133472
8116,23110,2.47240888811216,136.857864,35.139561
8117,23110,2.437088761139129,136.882278,35.124687
8118,23110,2.4017686341660984,136.868698,35.137413
8119,23110,2.154527745354882,136.888916,35.144321
8120,23110,1.942606983516697,136.851364,35.126781
8121,23110,1.8013264756245737,136.842911,35.120678
8122,23110,1.5894057137863888,136.821838,35.125149
8123,23110,1.3421648249751725,136.869949,35.133591
8124,23110,1.3421648249751725,136.873322,35.135853
8125,23110,1.23620444405608,136.857864,35.139561
8126,23110,1.024283682217895,136.834015,35.123753
8127,23111,5.053023906361403,136.848648,35.099384
8128,23111,4.042419125089124,136.81926,35.121235
8129,23111,3.5371167344529826,136.882507,35.092232
8130,23111,2.728632909435158,136.900253,35.107117
8131,23111,2.4759817141170877,136.858917,35.0905
8132,23111,2.4254514750534737,136.875137,35.114796
8133,23111,2.021209562544562,136.871658,35.104801
8134,23111,1.7180281281628773,136.81813,35.11549
8135,23111,1.4653769328448072,136.806824,35.109119
8136,23112,6.874025408609135,136.902649,35.11319
8137,23112,3.845608620200915,136.929855,35.114483
8138,23112,3.845608620200915,136.933411,35.098969
8139,23112,2.884206465150686,136.921982,35.084515
8140,23112,2.3554352798730607,136.926941,35.073299
8141,23112,2.211224956615526,136.941452,35.106171
8142,23112,2.1631548488630146,136.92128,35.088383
8143,23112,2.01894452560548,136.944107,35.110764
8144,23112,1.0575423705552516,136.918045,35.07169
8145,23113,2.2745835315603147,136.995987,35.194996
8146,23113,2.1853841773814784,136.960434,35.196888
8147,23113,2.140784500292061,136.967499,35.205254
8148,23113,1.9177861148449709,136.980316,35.215374
8149,23113,1.9177861148449709,137.009811,35.193233
8150,23113,1.7393874064872994,136.929367,35.210251
8151,23113,1.6947877293978815,136.986298,35.22337
8152,23113,1.5163890210402098,136.980606,35.199154
8153,23114,3.6503390939044866,136.953857,35.088367
8154,23114,2.676915335529957,136.982285,35.084019
8155,23114,2.0859080536597068,136.947906,35.071022
8156,23114,2.0163777852043827,136.971237,35.066959
8157,23114,1.7382567113830887,136.968765,35.064156
8158,23114,1.7034915771554269,136.986343,35.095924
8159,23114,1.4949007717894562,137.003387,35.093262
8160,23114,0.06953026845532355,136.917068,35.066849
8161,23115,4.8723285679405155,137.004318,35.161186
8162,23115,3.7226780069657877,137.001923,35.153038
8163,23115,3.7226780069657877,137.001846,35.186577
8164,23115,3.3394611533075444,136.996475,35.158695
8165,23115,2.573027445991059,136.993393,35.15855
8166,23115,1.8613390034828938,137.015991,35.162712
8167,23115,1.0949052961664083,137.001999,35.174435
8168,23116,4.9864358556318775,136.983154,35.116768
8169,23116,3.428174650746916,136.991531,35.137527
8170,23116,3.428174650746916,136.983154,35.116768
8171,23116,1.662145285210626,136.95462,35.109196
8172,23116,1.558261204884962,136.984024,35.13726
8173,23201,1.5491974121117802,137.399368,34.752903
8174,23201,1.5073272117844347,137.399902,34.701355
8175,23201,1.0467550081836354,137.370438,34.685558
8176,23201,0.8792742068742536,137.349823,34.703152
8177,23201,0.7536636058922174,137.350433,34.701511
8178,23201,0.7536636058922174,137.398956,34.726353
8179,23201,0.5024424039281449,137.373734,34.676083
8180,23202,1.661886818583126,137.237747,34.958958
8181,23202,1.1540880684605042,137.167923,34.957462
8182,23202,1.1540880684605042,137.160614,34.992706
8183,23202,1.0617610229836638,137.153152,34.914783
8184,23202,1.0386792616144538,137.222473,34.972218
8185,23202,0.9463522161376136,137.194748,34.939285
8186,23202,0.9001886933991933,137.175293,34.964195
8187,23202,0.807861647922353,137.121643,34.950207
8188,23202,0.6924528410763026,137.185471,34.939804
8189,23202,0.6924528410763026,137.300461,34.945454
8190,23202,0.6693710797070924,137.168503,34.930714
8191,23202,0.6693710797070924,137.177689,35.025417
8192,23202,0.6693710797070924,137.160873,34.926624
8193,23202,0.48471698875341174,137.119232,34.946152
8195,23203,1.313675764440595,136.83606,35.351593
8196,23203,1.1260077980919385,136.812515,35.311646
8197,23203,1.0884742048222071,136.793137,35.313892
8198,23203,1.050940611552476,136.788376,35.351688
8199,23203,0.9571066283781476,136.748535,35.306313
8200,23203,0.73190506875976,136.806519,35.318443
8201,23203,0.6756046788551631,136.853622,35.301674
8202,23203,0.6568378822202975,136.816025,35.293079
8203,23203,0.5630038990459693,136.782883,35.341644
8204,23203,0.5630038990459693,136.770996,35.299332
8205,23203,0.45040311923677534,136.829498,35.300148
8206,23203,0.33780233942758153,136.772247,35.350803
8207,23204,10.291756075241356,137.089966,35.207031
8208,23204,3.3460881820981743,137.073059,35.214504
8209,23204,2.0786305373640177,137.103958,35.231277
8210,23204,1.7237423968384535,137.123169,35.241737
8211,23204,0.9632678099979592,137.079163,35.210274
8212,23204,0.7604745868404941,137.083908,35.215973
8213,23205,4.9993927820850095,136.924301,34.912102
8214,23205,2.083080325868754,136.900497,34.891659
8215,23205,2.013644315006462,136.948929,34.903671
8216,23205,1.666464260695003,136.890823,34.887516
8217,23206,2.961384573085576,137.048355,35.279514
8218,23206,1.2237126335064363,136.95726,35.25816
8219,23206,1.174764128166179,137.031113,35.264515
8220,23206,1.174764128166179,136.998444,35.2616
8221,23206,1.174764128166179,136.981506,35.243015
8222,23206,1.1258156228259215,136.953903,35.235218
8223,23206,1.0279186121454065,136.989365,35.261963
8224,23206,0.9789701068051492,137.009628,35.255043
8225,23207,2.055740752671651,137.302963,34.820461
8226,23207,1.8090518623510532,137.326111,34.831463
8227,23207,1.726822232244187,137.378189,34.836918
8228,23208,10.424579574099633,136.756439,35.176334
8229,23208,5.212289787049817,136.754425,35.180565
8230,23210,7.083475877354076,137.027573,34.981991
8231,23210,4.591141772359123,137.040298,35.026443
8232,23210,1.9676321881539094,137.008041,34.95784
8233,23210,1.9020444485487795,137.010773,34.980949
8234,23211,2.2869435394416744,137.117584,35.078655
8235,23211,2.0927690879796454,137.153961,35.086617
8236,23211,0.862997562053462,137.13269,35.059097
8237,23211,0.862997562053462,137.157471,35.087315
8238,23211,0.7119729886941062,137.174866,35.13002
8239,23211,0.5393734762834137,137.113129,35.034592
8240,23211,0.431498781026731,137.062561,35.015491
8241,23212,1.5009958072011256,137.104202,34.968163
8242,23212,1.5009958072011256,137.084763,34.956539
8243,23212,1.5009958072011256,137.084763,34.956539
8244,23213,1.8593506301594949,137.026901,34.870235
8245,23214,4.839010164340849,137.190063,34.809174
8246,23215,2.1607298513291817,136.960205,35.363358
8247,23215,1.800608209440985,136.956223,35.351391
8248,23216,5.1404321072931545,136.836899,34.901669
8249,23216,4.8834105019284975,136.839615,34.891972
8250,23216,3.8553240804698663,136.857956,34.887253
8251,23216,3.8553240804698663,136.844116,34.879242
8252,23217,2.489620114724624,136.870361,35.350136
8253,23217,2.196723630639374,136.883469,35.3522
8254,23217,2.196723630639374,136.865295,35.329971
8255,23219,5.401242069626331,137.013809,35.324619
8256,23219,2.3765465106355856,136.92778,35.279716
8257,23219,1.620372620887899,136.936432,35.308201
8258,23220,3.19392914981492,136.733002,35.202579
8259,23220,1.8631253373920367,136.800659,35.242523
8260,23220,1.59696457490746,136.743301,35.238945
8261,23220,1.5437324224105444,136.800659,35.242523
8262,23221,6.360884280346678,137.449799,34.887527
8263,23222,4.675443565175332,136.887787,35.018932
8264,23222,4.2858232680773884,136.926254,35.020432
8265,23223,8.829497979271283,136.941681,34.998158
8266,23223,5.8863319861808545,136.951797,35.017895
8267,23223,4.905276655150713,136.936218,35.006145
8268,23223,1.9621106620602853,136.918304,34.98436
8269,23224,5.127645469806415,136.878433,34.990421
8270,23224,4.6148809228257734,136.875183,34.961182
8271,23225,4.138571514101907,137.055939,35.009384
8272,23226,7.292027944874092,137.050659,35.208809
8273,23226,5.560171307966495,137.030197,35.193012
8274,23227,11.113630200623255,136.982178,34.941296
8275,23227,6.668178120373952,137.000153,34.930923
8276,23227,6.668178120373952,137.000153,34.930923
8277,23229,12.845376033932345,137.01741,35.093765
8278,23229,5.352240014138477,137.01741,35.093765
8279,23229,3.4254336090486253,137.009537,35.05357
8280,23230,10.607106209590905,137.011215,35.125954
8281,23230,5.833908415274998,137.085983,35.131741
8282,23230,5.303553104795452,137.009186,35.124432
8283,23231,12.002021140360036,137.275604,34.632133
8284,23232,2.410400879796321,136.716446,35.19593
8285,23232,2.1091007698217807,136.716446,35.19593
8286,23232,1.5065005498727004,136.71022,35.133846
8287,23234,9.871129660304268,136.867737,35.247242
8288,23234,5.5753602710977805,136.86586,35.242603
8289,23234,4.56996743532605,136.884445,35.251709
8290,23234,4.021571343086923,136.897476,35.246162
8291,23234,1.096792184478252,136.888275,35.251358
8292,23235,6.533459738585959,136.728546,35.108364
8293,23235,5.1579945304626,136.784546,35.105118
8294,23236,5.391759881208746,137.107742,35.123066
8295,23238,17.282215283732825,137.029831,35.18206
8296,23238,15.22480870233606,137.031906,35.170631
8297,23302,9.682712987732776,137.034348,35.084846
8298,23342,30.95364748610525,136.912292,35.241974
8299,23342,28.66078470935671,136.912247,35.237751
8300,23362,6.325822894671253,136.924606,35.360813
8301,23424,28.472467275593797,136.81781,35.174919
8302,23425,3.757078178743829,136.77803,35.133369
8303,23441,11.727554828273416,136.897751,34.94788
8304,23441,8.600206874067172,136.920456,34.926365
8305,23442,10.787622836349602,136.972122,34.954662
8306,23442,5.393811418174801,136.963272,34.963467
8307,23442,4.93148472518839,136.960709,34.944206
8308,23442,4.469158032201978,136.964371,34.964333
8309,23447,5.554931140147765,136.900833,34.855499
8310,23447,5.554931140147765,136.909988,34.840466
8311,23501,6.789118220273393,137.148727,34.870911
8312,23501,6.562814279597613,137.148727,34.870911
8313,27102,5.560555200783307,135.526077,34.713535
8314,27102,4.766190172099978,135.528915,34.719898
8315,27102,3.9718251434166483,135.529343,34.720985
8316,27102,3.49520612620665,135.52858,34.726978
8317,27102,3.336333120469985,135.531891,34.704552
8318,27102,2.8597141032599867,135.522217,34.726582
8319,27103,7.90662278491021,135.474594,34.697365
8320,27103,7.64306869207987,135.476089,34.696487
8321,27104,7.825079052317719,135.468796,34.682587
8322,27104,4.890674407698574,135.457047,34.68922
8323,27104,4.564629447185336,135.451263,34.688248
8324,27106,17.059926858229208,135.490906,34.67844
8325,27106,15.993681429589884,135.481995,34.672089
8326,27106,5.064665786036797,135.489319,34.685143
8327,27107,11.22282399744891,135.463593,34.664341
8328,27107,8.855509560487032,135.461075,34.668346
8329,27107,5.786768623684595,135.455505,34.664879
8330,27107,2.6303493744020883,135.469284,34.664795
8331,27108,5.899331448431387,135.469299,34.639851
8332,27108,5.702687066817007,135.47139,34.662758
8333,27108,4.2278542047091605,135.469452,34.64624
8334,27108,2.8513435334085035,135.454147,34.640038
8335,27109,21.52878216607562,135.523483,34.664627
8336,27109,8.948710659392878,135.517868,34.653477
8337,27109,4.409509600280549,135.516373,34.665398
8338,27109,4.150126682616987,135.531036,34.668339
8339,27111,31.33221855530486,135.490479,34.664524
8340,27111,15.209814832672263,135.489914,34.660187
8341,27111,14.601422239365371,135.490005,34.663551
8342,27111,7.1486129713559645,135.491547,34.663418
8343,27113,8.037922920338156,135.443039,34.695694
8344,27113,4.581616064592749,135.461121,34.704594
8345,27113,4.018961460169078,135.426895,34.701298
8346,27113,3.2151691681352625,135.438995,34.707649
8347,27114,6.093224163217526,135.51236,34.735264
8348,27114,3.47539452272407,135.549316,34.766766
8349,27114,2.7080996280966785,135.539978,34.748474
8350,27114,2.7080996280966785,135.548218,34.740459
8351,27114,2.7080996280966785,135.529694,34.741955
8352,27114,2.4372896652870106,135.536697,34.753674
8353,27114,2.3921546714853994,135.545883,34.74118
8354,27114,2.07620971487412,135.547226,34.754948
8355,27114,2.0310747210725086,135.515701,34.74799
8356,27115,7.422141044616253,135.553528,34.675507
8357,27115,7.422141044616253,135.553513,34.675438
8358,27115,6.679926940154628,135.544907,34.679562
8359,27115,6.49437341403922,135.541443,34.669537
8360,27115,2.968856417846501,135.543015,34.668163
8361,27116,8.95712849588017,135.530289,34.663643
8362,27116,4.976182497711204,135.528107,34.645317
8363,27116,4.428802422962972,135.546463,34.654015
8364,27116,2.9359476736496104,135.544327,34.648785
8365,27116,2.8861858486724983,135.538635,34.652206
8366,27116,2.7866621987182745,135.550797,34.654385
8367,27116,2.488091248855602,135.550385,34.643368
8368,27116,2.488091248855602,135.540894,34.652687
8369,27116,2.338805773924266,135.5495,34.644714
8370,27116,1.5426165742904736,135.533371,34.645706
8371,27116,1.4928547493133613,135.54631,34.643505
8372,27116,1.194283799450689,135.533096,34.662773
8373,27117,10.505404505347776,135.545151,34.726898
8374,27117,3.711909591889548,135.538406,34.722828
8375,27117,2.0310448710339033,135.552811,34.719536
8376,27118,13.930806318235792,135.540253,34.692413
8377,27118,9.362587363229899,135.535904,34.691204
8378,27118,5.834655893027328,135.537231,34.692841
8379,27119,6.827049068800748,135.509888,34.645512
8380,27119,5.461639255040599,135.505905,34.632847
8381,27119,5.0520163109125535,135.518311,34.6367
8382,27119,4.778934348160524,135.524063,34.642784
8383,27119,4.096229441280449,135.515427,34.642662
8384,27119,3.5500655157763896,135.499298,34.626816
8385,27119,3.0721720809603363,135.516083,34.629276
8386,27119,3.0721720809603363,135.51123,34.619331
8387,27119,2.8673606088963144,135.515274,34.620953
8388,27119,2.116385211328232,135.510574,34.626087
8389,27120,6.1026314015940075,135.503372,34.620865
8390,27120,3.8473111010049177,135.512527,34.594204
8391,27120,2.653318000693047,135.499329,34.593906
8392,27120,2.653318000693047,135.514679,34.602432
8393,27120,2.5648740673366124,135.494797,34.612995
8394,27120,2.3879862006237422,135.509811,34.604832
8395,27120,2.211098333910872,135.507751,34.616997
8396,27120,2.211098333910872,135.505707,34.600014
8397,27120,2.1668763672326548,135.511505,34.602623
8398,27120,1.989988500519785,135.52002,34.605545
8399,27120,1.459324900381176,135.496414,34.62188
8400,27121,3.766976065990188,135.532578,34.603992
8401,27121,3.566070675804045,135.52861,34.642941
8402,27121,3.214486242978294,135.521332,34.619251
8403,27121,3.013580852792151,135.532043,34.608715
8404,27121,2.260185639594113,135.540863,34.602901
8405,27121,2.1095065969545055,135.525604,34.636372
8406,27121,1.4565640788495395,135.530563,34.612759
8407,27121,1.4565640788495395,135.534088,34.616486
8408,27121,1.4565640788495395,135.532669,34.636414
8409,27122,4.213380406775989,135.494522,34.644489
8410,27122,4.061089548699749,135.495041,34.640057
8411,27122,3.5026897357535325,135.496231,34.638763
8412,27122,2.842762684089824,135.493912,34.646431
8413,27122,2.7412354453723298,135.485046,34.622879
8414,27122,2.5381809679373424,135.497711,34.646881
8415,27122,2.385890109861102,135.493927,34.637287
8416,27122,2.1320720130673676,135.495483,34.633293
8417,27122,1.5229085807624054,135.482376,34.622684
8418,27122,1.3706177226861649,135.496796,34.630417
8419,27123,4.32345941998532,135.491669,34.73571
8420,27123,3.439115447715595,135.479752,34.732883
8421,27123,2.9478132408990816,135.452347,34.729992
8422,27123,2.9478132408990816,135.464813,34.718636
8423,27123,2.849552799535779,135.480545,34.725006
8424,27123,2.7512923581724764,135.485779,34.741985
8425,27123,2.702162137490825,135.49324,34.722866
8426,27123,2.653031916809173,135.453552,34.72868
8427,27123,2.603901696127522,135.453018,34.732113
8428,27123,1.4247763997678895,135.491318,34.739876
8429,27123,1.1791252963596328,135.49353,34.739166
8430,27124,8.898716053859989,135.568802,34.694115
8431,27124,6.564626597109829,135.573441,34.693741
8432,27124,4.668178913500323,135.58551,34.714828
8433,27124,4.230537140359667,135.581024,34.697464
8434,27124,3.8658356627424544,135.582626,34.704746
8435,27124,3.6470147761721265,135.574661,34.705406
8436,27124,3.063492411984586,135.586853,34.705292
8437,27125,4.399528436544529,135.474197,34.622292
8438,27125,3.2996463274083965,135.46051,34.607792
8439,27125,2.8046993782971374,135.486481,34.608753
8440,27125,2.7497052728403304,135.461334,34.607788
8441,27125,2.4197406400994907,135.486435,34.612011
8442,27125,1.6498231637041982,135.485138,34.621742
8443,27125,1.154876214592939,135.489655,34.608841
8444,27126,3.1896084457031253,135.560669,34.637188
8445,27126,2.680628374580287,135.56958,34.609024
8446,27126,2.2055803081989698,135.560394,34.637936
8447,27126,2.001988279749834,135.545166,34.600727
8448,27126,1.9680562750083115,135.572021,34.60648
8449,27126,1.9001922655252663,135.581085,34.60841
8450,27126,1.9001922655252663,135.572159,34.599709
8451,27126,1.662668232334608,135.572784,34.621712
8452,27126,1.391212194402427,135.559402,34.632919
8453,27126,1.391212194402427,135.546005,34.604359
8454,27126,1.0179601422456783,135.548218,34.615612
8455,27126,0.7804361090550203,135.562256,34.629539
8456,27127,11.6776419698821,135.517914,34.703789
8457,27127,5.880826891307533,135.507309,34.706787
8458,27127,2.520354381988943,135.514359,34.709007
8459,27128,11.343495214462958,135.509995,34.66853
8460,27128,6.702974444909929,135.528946,34.681007
8461,27141,4.9211737593854945,135.494781,34.565094
8462,27141,3.1670920233669024,135.464676,34.547733
8463,27141,3.0696430380325355,135.478836,34.5835
8464,27141,2.484949126026339,135.464417,34.550095
8465,27141,1.5591837653498595,135.485001,34.59243
8466,27142,6.319686727813277,135.491562,34.515438
8467,27142,5.256561857713847,135.498993,34.517841
8468,27142,4.3706244659643225,135.482468,34.535828
8469,27142,4.311561973181021,135.511108,34.54253
8470,27142,3.661874552564703,135.511108,34.54253
8471,27142,2.953124639165083,135.534103,34.503365
8472,27142,2.953124639165083,135.50412,34.536766
8473,27142,2.0081247546322563,135.485901,34.517666
8474,27142,1.6537497979324465,135.471619,34.527161
8475,27143,3.7241229318083304,135.548813,34.518559
8476,27143,3.1282632627189972,135.534592,34.539463
8477,27144,4.681480249215879,135.454102,34.543991
8478,27144,3.1028415605268034,135.454742,34.555298
8479,27144,2.8306624762700663,135.459885,34.561642
8480,27144,1.6330745055404228,135.465714,34.539291
8481,27145,2.04770036082528,135.496994,34.490459
8482,27145,2.04770036082528,135.467911,34.48912
8483,27145,2.04770036082528,135.487595,34.496777
8484,27145,1.2286202164951683,135.505615,34.455425
8485,27146,3.4527644558615855,135.50032,34.569073
8486,27146,3.3088992702006865,135.513275,34.553493
8487,27146,2.685483465670122,135.493195,34.557144
8488,27146,2.5895733418961893,135.498383,34.549263
8489,27146,1.9182024754786586,135.499969,34.554516
8490,27146,1.7743372898177596,135.496597,34.572247
8491,27147,11.840949657695061,135.570663,34.527885
8492,27202,1.9888325245715741,135.381958,34.44994
8493,27202,1.80802956779234,135.39389,34.441406
8494,27203,3.036581717816784,135.490417,34.81036
8495,27203,2.2863674110620495,135.490219,34.783176
8496,27203,1.786224539892226,135.497681,34.800262
8497,27203,1.786224539892226,135.486649,34.806602
8498,27203,1.786224539892226,135.487244,34.767731
8499,27203,1.4647041227116253,135.497681,34.800262
8500,27203,1.1789081963288692,135.461304,34.739666
8501,27203,1.1789081963288692,135.481918,34.817356
8502,27203,1.1431837055310248,135.474365,34.804066
8503,27203,0.9824234969407243,135.47139,34.753914
8504,27203,0.893112269946113,135.488419,34.788895
8505,27203,0.893112269946113,135.473938,34.76656
8506,27203,0.893112269946113,135.478775,34.775768
8507,27203,0.8573877791482686,135.462784,34.765892
8508,27203,0.8573877791482686,135.459824,34.784782
8509,27203,0.8038010429515018,135.469574,34.756378
8510,27204,6.816287819661746,135.4487,34.813614
8511,27204,3.817121179010578,135.426895,34.817585
8512,27204,3.2718181534376383,135.442978,34.84679
8513,27204,3.0673295188477856,135.444122,34.81609
8514,27204,2.385700736881611,135.427109,34.852047
8515,27204,1.6359090767188191,135.444565,34.816723
8516,27205,2.769202772895043,135.511765,34.812939
8517,27205,2.153824378918367,135.552597,34.79916
8518,27205,1.934046381069554,135.498398,34.785755
8519,27205,1.934046381069554,135.495544,34.77874
8520,27205,1.4505347858021655,135.529236,34.802078
8521,27205,1.3186679870928777,135.499832,34.78352
8522,27205,1.18680118838359,135.511765,34.812939
8523,27205,1.0549343896743022,135.519287,34.771362
8524,27205,0.7912007922557267,135.505539,34.753597
8525,27206,3.8510886038690124,135.418518,34.510586
8526,27206,3.122504273407307,135.419083,34.502216
8527,27207,4.009665992790251,135.607864,34.866783
8528,27207,1.84777234690795,135.635376,34.851715
8529,27207,1.773861453031632,135.623566,34.853935
8530,27207,1.1271411316138495,135.613663,34.836128
8531,27207,1.10866340814477,135.62326,34.843987
8532,27207,1.0901856846756903,135.629532,34.849976
8533,27207,0.923886173453975,135.613037,34.809647
8534,27207,0.923886173453975,135.597794,34.853973
8535,27207,0.8314975561085775,135.613037,34.859711
8536,27207,0.8314975561085775,135.628616,34.845116
8537,27207,0.6467203214177825,135.622208,34.839371
8538,27207,0.36955446938159,135.63533,34.84013
8539,27207,0.36955446938159,135.60994,34.798977
8540,27207,0.36955446938159,135.595505,34.865772
8541,27208,6.881064410035579,135.350708,34.424805
8542,27209,9.813612689328329,135.567078,34.735161
8543,27209,8.586911103162286,135.590515,34.760323
8544,27209,4.089005287220137,135.570694,34.718716
8545,27209,3.362071013936557,135.56871,34.718105
8546,27209,2.7260035248134247,135.579834,34.722057
8547,27209,2.271669604011187,135.567093,34.722019
8548,27209,2.271669604011187,135.577652,34.726746
8549,27209,2.1808028198507396,135.561707,34.746067
8550,27209,1.9536358594496208,135.593948,34.750717
8551,27209,1.3175683703264884,135.575043,34.732555
8552,27209,0.9086678416044748,135.562836,34.750896
8553,27210,1.9390093235108865,135.696625,34.832394
8554,27210,1.7953790032508208,135.688278,34.846218
8555,27210,1.6158411029257387,135.663177,34.849453
8556,27210,1.5260721527631977,135.656891,34.80217
8557,27210,1.4363032026006568,135.681732,34.846382
8558,27210,1.4183494125681484,135.634186,34.791672
8559,27210,1.3285804624056075,135.677673,34.86459
8560,27210,1.2567653022755745,135.653366,34.805412
8561,27210,1.20290393217805,135.684219,34.855991
8562,27210,1.0772274019504926,135.651871,34.829369
8563,27210,1.0772274019504926,135.636581,34.790638
8564,27210,1.0772274019504926,135.687683,34.83503
8565,27210,0.9695046617554433,135.663345,34.803871
8566,27210,0.8976895016254104,135.677811,34.8339
8567,27210,0.8797357115929022,135.627457,34.804459
8568,27210,0.7181516013003284,135.63913,34.809666
8569,27210,0.5386137009752463,135.732056,34.801113
8570,27210,0.5386137009752463,135.695007,34.814945
8571,27210,0.4488447508127052,135.66449,34.80471
8572,27211,5.842284956211211,135.583313,34.841946
8573,27211,2.791633698288116,135.526505,34.827789
8574,27211,2.3887174944114804,135.53006,34.889374
8575,27211,1.7267837308998655,135.567902,34.804272
8576,27211,1.554105357809879,135.586197,34.817623
8577,27211,1.295087798174899,135.576019,34.809444
8578,27211,1.295087798174899,135.572662,34.790039
8579,27211,1.237528340478237,135.582306,34.802113
8580,27211,1.237528340478237,135.567581,34.801075
8581,27212,3.2828285315274144,135.6035,34.633324
8582,27212,1.7929294287572797,135.613708,34.645485
8583,27212,1.4141415212733475,135.602844,34.615398
8584,27212,1.28787888544537,135.611938,34.632172
8585,27212,1.2626263582797745,135.588089,34.630249
8586,27212,1.2626263582797745,135.62236,34.601589
8587,27212,1.186868776782988,135.61528,34.595272
8588,27212,1.1363637224517968,135.620255,34.619251
8589,27212,1.1363637224517968,135.62442,34.634068
8590,27212,0.9343435051270331,135.588852,34.607506
8591,27212,0.9090909779614376,135.635071,34.62925
8592,27212,0.8585859236302467,135.601303,34.602081
8593,27212,0.7323232878022692,135.612976,34.624023
8594,27213,6.765810301387432,135.353714,34.408001
8595,27213,5.147899142360002,135.348724,34.412128
8596,27213,3.529987983332573,135.299805,34.397507
8597,27213,0.7354141631942861,135.316589,34.38694
8598,27214,3.0238488540036186,135.614944,34.455627
8599,27215,2.9980006761776377,135.625458,34.789719
8600,27215,2.3984005409421107,135.643677,34.775478
8601,27215,2.0272195048439268,135.656235,34.759296
8602,27215,1.4276193696083992,135.649933,34.753532
8603,27215,1.4276193696083992,135.61557,34.770191
8604,27215,1.399066982216231,135.626343,34.783188
8605,27215,1.2848574326475592,135.611145,34.762424
8606,27215,1.2563050452553914,135.660767,34.763336
8607,27215,1.1992002704710554,135.615417,34.775223
8608,27216,3.2850482343632246,135.570663,34.470966
8609,27216,3.0660450187390103,135.570328,34.426098
8610,27216,3.0660450187390103,135.573441,34.448196
8611,27216,2.737540195302688,135.558105,34.477879
8612,27217,3.9900102910345425,135.555252,34.578857
8613,27217,2.6600068606896956,135.549698,34.562244
8614,27217,1.9152049396965807,135.564407,34.589569
8615,27217,1.4364037047724354,135.549728,34.58017
8616,27218,4.45878020130883,135.621216,34.701752
8617,27218,3.8218116011218544,135.616074,34.718903
8618,27218,3.5670241610470637,135.637207,34.720528
8619,27218,2.866358700841391,135.633209,34.720997
8620,27218,2.675268120785298,135.614349,34.706287
8621,27218,0.7643623202243709,135.642395,34.722439
8622,27219,2.151668810661192,135.470627,34.472935
8623,27220,13.675461282881894,135.52478,34.828831
8624,27220,5.306078977758174,135.516129,34.843151
8625,27220,3.6650236238123473,135.456879,34.828541
8626,27220,3.008601482234017,135.518188,34.82819
8627,27220,2.7350922565763787,135.455887,34.822823
8628,27220,2.461583030918741,135.458939,34.813812
8629,27221,4.890620767492104,135.625793,34.588818
8630,27221,3.792726309483672,135.643646,34.557251
8631,27222,9.33871304694306,135.593979,34.548168
8632,27222,4.035246378308729,135.57988,34.579941
8633,27222,2.882318841649092,135.605865,34.550529
8634,27222,1.7293913049894556,135.606918,34.545509
8635,27222,1.0376347829936732,135.573639,34.56086
8636,27223,4.280042083513786,135.59964,34.744663
8637,27223,2.675026302196117,135.610611,34.746506
8638,27223,2.621525776152194,135.608658,34.736904
8639,27225,9.890763930461006,135.444305,34.523003
8640,27226,11.896459167634493,135.600159,34.55534
8641,27226,2.336804479356775,135.600922,34.56168
8642,27226,2.1243677085061594,135.620346,34.567024
8643,27227,0.8451700454663452,135.566833,34.684399
8644,27227,0.788825375768589,135.649368,34.687374
8645,27227,0.788825375768589,135.611359,34.665668
8646,27227,0.6902222037975153,135.58316,34.693108
8647,27227,0.6761360363730762,135.564941,34.668503
8648,27227,0.647963701524198,135.643127,34.696213
8649,27227,0.5916190318264417,135.627441,34.655472
8650,27227,0.4225850227331726,135.650269,34.69833
8651,27227,0.4225850227331726,135.563049,34.650558
8652,27227,0.4225850227331726,135.590256,34.664391
8653,27227,0.3521541856109772,135.576538,34.64558
8654,27228,5.5131435547602905,135.271255,34.355675
8655,27228,4.300251972713026,135.299133,34.369072
8656,27229,7.65059917580095,135.635544,34.740482
8657,27230,6.381563803982822,135.669373,34.769707
8658,27230,5.3179698366523525,135.684021,34.777184
8659,27230,4.343008699932754,135.67778,34.787155
8660,27231,5.89288734390478,135.546921,34.501801
8661,27231,3.535732406342868,135.556488,34.48283
8662,27231,3.4178746594647724,135.553513,34.491783
8663,27232,11.889800572375,135.263885,34.344715
